version, procs, threads, time
MPI, 1, 20, 4.097464
MPI, 1, 16, 4.646796
HYBRID, 2, 10, 3.796938
MPI, 1, 10, 6.352589
HYBRID, 4, 5, 3.754634
MPI, 1, 5, 11.546833
HYBRID, 5, 4, 3.760922
MPI, 1, 4, 14.131527
HYBRID, 3, 6, 4.134368
MPI, 1, 6, 9.928091
HYBRID, 2, 8, 4.429857
MPI, 1, 8, 7.668198
MPI, 1, 12, 5.607250
MPI, 1, 14, 4.981217
MPI, 1, 18, 4.378313
HYBRID, 20, 1, 54.122347
MPI, 1, 1, 52.703113
